time/fps,time/total_timesteps,train/learning_rate,rollout/ep_rew_mean,train/actor_loss,eval/std_reward,eval/mean_reward,time/iterations,train/critic_loss,eval/mean_ep_length,rollout/ep_len_mean,train/n_updates,training/completed
91.12622239661107,400,0.0001,0.0,-0.0010695551754906774,0.7403050781878322,-2.272094665901713,4,1.75186123669846e-05,4,500.0,300,
91.3278573977715,800,0.0001,-2.3926478563062306,-0.0026475372724235058,1.855536137749264,-2.548468365849395,8,7.60935217840597e-05,4,500.0,700,
108.32265207524598,1200,0.0001,-1.181034142018766,-0.010454139672219753,1.3276652426755653,-0.758290492949188,12,5.1690269174287096e-05,4,500.0,1100,
90.88695686844535,1600,0.0001,-0.37992583184224843,-0.009015655145049095,2.2577471601802492,-0.6128777912777433,16,9.022599260788411e-05,4,500.0,1500,
13.267009000700027,2000,0.0001,-0.2996730462251195,-0.006219062954187393,3.951906163227867,-0.6260973210288046,20,6.821120041422546e-05,4,500.0,1900,
98.75138233674417,2400,0.0001,-0.13253330897573617,-0.016310416162014008,5.773942655205963,2.4408030935765996,24,6.310884054983035e-05,4,500.0,2300,
109.90132917516829,2800,0.0001,1.1829365645308767,-0.015422911383211613,5.2085837673847015,8.397236170225492,28,0.00014235837443266064,4,500.0,2700,
109.32947623403153,3200,0.0001,0.8664901126977114,-0.021794183179736137,5.640681221860935,6.2024185113596015,32,0.00021256148465909064,4,500.0,3100,
105.26637565325551,3600,0.0001,3.305406169660892,-0.02312370389699936,7.02122387821684,8.81642903719712,36,0.00020728338859044015,4,500.0,3500,
13.175572575195764,4000,0.0001,4.4605526284638986,-0.021398227661848068,6.628024799836918,4.061048438699318,40,0.00014035662752576172,4,500.0,3900,
74.2041850674636,4400,0.0001,5.615699087266905,-0.024790054187178612,2.934384495522491,3.3312778583931415,44,0.0001363922783639282,4,500.0,4300,
85.41372149162196,4800,0.0001,5.720653987662449,-0.028451599180698395,4.007341417857137,5.572678589800518,48,0.0001559391530463472,4,500.0,4700,
102.8413188136689,5200,0.0001,3.9361940644638076,-0.015244293957948685,2.1771959883173593,5.861186799310362,52,0.00020214379765093327,4,500.0,5100,
89.78049254537717,5600,0.0001,6.493969937472197,-0.017202535644173622,4.133651531129325,3.6919624080022553,56,0.00020017466158606112,4,500.0,5500,
13.062731197321519,6000,0.0001,4.877585552646494,-0.019532090052962303,0.4447889769708226,1.5345861065639852,60,9.741104440763593e-05,4,500.0,5900,
103.8130589540689,6400,0.0001,3.261201167820791,-0.01633201539516449,7.871764562691912,10.440875125506206,64,0.0005273908609524369,4,500.0,6300,
115.35635489337874,6800,0.0001,1.9928459261429876,-0.017293166369199753,4.440820146517189,2.1373790641763555,68,0.00014863203978165984,4,500.0,6700,
107.70142931572437,7200,0.0001,3.835386521189309,-0.01633594185113907,5.583330863762765,5.1423453828976085,72,0.0001386294316034764,4,500.0,7100,
92.88189596431504,7600,0.0001,3.9577097214048633,-0.017944464460015297,5.606535427751359,8.419186919808698,76,0.0002138737909263,4,500.0,7500,
13.553434111786077,8000,0.0001,3.7611241817357453,-0.015067491680383682,9.889905553098849,10.669288318127315,80,7.35777139198035e-05,4,500.0,7900,
82.70046952874205,8400,0.0001,3.5645386420666276,-0.01836751401424408,3.1769276216662905,3.6225746936958707,84,0.0003497330762911588,4,500.0,8300,
76.35440512414884,8800,0.0001,4.6725974424804715,-0.01641518995165825,4.708229700974494,5.003021505897971,88,0.00011442582763265818,4,500.0,8700,
106.39271387025545,9200,0.0001,5.609822108020476,-0.016640599817037582,9.504053938302828,13.14575932161036,92,0.00010384217603132129,4,500.0,9100,
109.12600929038892,9600,0.0001,3.6304835188597635,-0.015265101566910744,3.771298867714346,9.246266524766186,96,0.00010212873166892678,4,500.0,9500,
13.305636520861862,10000,0.0001,3.8602528948368118,-0.013188586570322514,9.435206370664893,7.038450399823604,100,9.161944035440683e-05,4,500.0,9900,
106.6199206687335,10400,0.0001,4.090022270813859,-0.012420103885233402,7.099730645053518,5.646069181355948,104,0.00011805116082541645,4,500.0,10300,
89.82361881567769,10800,0.0001,3.013500921065803,-0.01704554259777069,7.749748216820092,7.235729577046894,108,9.543038322590292e-05,4,500.0,10700,
86.36659778156476,11200,0.0001,2.866480581344446,-0.020416727289557457,5.660976416689209,8.355336557099168,112,0.00013082408986520022,4,500.0,11100,
82.48064283829262,11600,0.0001,2.0664329711744354,-0.014173396863043308,8.16857073473023,6.877079639182263,116,0.000153816508827731,4,500.0,11500,
12.84626938634597,12000,0.0001,3.2705760556659436,-0.018093720078468323,2.7280986567945598,10.631095006147103,120,0.00019433340639807284,4,500.0,11900,
64.42247760659427,12400,0.0001,4.474719140157451,-0.021617406979203224,5.659097431570586,8.160649546351179,124,0.00013318806304596364,4,500.0,12300,
86.75201972358848,12800,0.0001,6.024202843000781,-0.016495540738105774,2.1823832118052224,9.070955277622819,128,0.00010425211803521961,4,500.0,12700,
72.26471433988797,13200,0.0001,5.2056320923008546,-0.016386164352297783,6.746798345079536,10.87669084759744,132,0.00018737315258476883,4,500.0,13100,
88.71452786521445,13600,0.0001,7.001389516789713,-0.013319212011992931,11.245899817922876,12.086677693276922,136,0.00022172667377162725,4,500.0,13500,
11.795877709856558,14000,0.0001,6.21955666101467,-0.012512254528701305,4.469491723916095,4.221734542016344,140,0.00017109132022596896,4,500.0,13900,
76.09266885579,14400,0.0001,5.437723805239628,-0.010654853656888008,4.970561064404969,8.152680187892562,144,0.00018227817781735212,4,500.0,14300,
98.79902169204499,14800,0.0001,5.607208409616206,-0.018814796581864357,4.258589212510204,13.276747344507271,148,0.0001726699119899422,4,500.0,14700,
106.11723814610379,15200,0.0001,5.794798842823672,-0.01274862326681614,4.998270855000137,2.3063265614269395,152,0.00020757628954015672,4,500.0,15100,
97.9398169120511,15600,0.0001,7.894038429545664,-0.017134150490164757,7.655248894639068,6.207566516936148,156,0.00012259265349712223,4,500.0,15500,
12.870191798292991,16000,0.0001,7.351317027621472,-0.014691479504108429,3.720221863256229,11.123027934485636,160,0.00012050947407260537,4,500.0,15900,
68.32025314125777,16400,0.0001,6.808595625697281,-0.014620449393987656,5.600788279201673,9.13699597303182,164,0.0001983804104384035,4,500.0,16300,
68.56237538825086,16800,0.0001,7.627263381271007,-0.010834899730980396,3.307000919415808,8.535475497133374,168,0.00018326012650504708,4,500.0,16700,
69.72675211924705,17200,0.0001,7.682202682618896,-0.01832565665245056,4.561086657825627,13.025745489069838,172,0.00017909210873767734,4,500.0,17100,
117.21020800649221,17600,0.0001,7.4978873126749335,-0.02070242166519165,7.795023942364757,6.132357982118698,176,0.00016562410746701062,4,500.0,17500,
13.543709088264775,18000,0.0001,7.7409181524703525,-0.018485119566321373,3.49868036851191,13.700966550192527,180,0.00014871053281240165,4,500.0,17900,
91.7671130854707,18400,0.0001,7.983948992265772,-0.021037375554442406,5.775558454626096,6.541101640911887,184,0.0001548380241729319,4,500.0,18300,
88.91363008208758,18800,0.0001,9.841991577631594,-0.01764892414212227,5.299445591522377,6.947819154017422,188,0.0004931528819724917,4,500.0,18700,
74.59642329494878,19200,0.0001,13.008548745148104,-0.020182007923722267,10.04149155291224,11.762318229986601,192,0.0003664494142867625,4,500.0,19100,
85.30200803131174,19600,0.0001,14.12891252046781,-0.015242219902575016,1.7743611927613565,4.220769763619069,196,0.0009112719562835991,4,500.0,19500,
12.048674611148881,20000,0.0001,13.928360380863987,-0.022102784365415573,4.799802168650159,7.118926668499574,200,0.00023854988103266805,4,500.0,19900,
78.84073052277917,20400,0.0001,13.727808241260163,-0.02421579323709011,4.765454288202288,16.330295540664668,204,0.00031308236066251993,4,500.0,20300,
107.62266850489489,20800,0.0001,12.837070175897571,-0.022817635908722878,7.679631565319001,11.774071692386862,208,0.0002092997747240588,4,500.0,20700,
83.85553981240032,21200,0.0001,9.694340591918824,-0.02473440393805504,8.589119478546737,9.23050191108986,212,0.00016381398017983884,4,500.0,21100,
99.73003035434645,21600,0.0001,8.0022013596432,-0.016938965767621994,2.50108072654265,7.933051907148811,216,0.00016319270071107894,4,500.0,21500,
12.159009649999836,22000,0.0001,6.433016949714163,-0.026319587603211403,8.135807667247878,4.866261035013304,220,0.0002133325906470418,4,500.0,21900,
111.86958562710707,22400,0.0001,4.863832539785125,-0.01768423244357109,4.84842070121269,6.698040950225232,224,0.0004832962295040488,4,500.0,22300,
134.460833186401,22800,0.0001,3.892127461710126,-0.016367219388484955,4.48197985437799,9.28046174373809,228,0.00024371706240344793,4,500.0,22700,
119.03587363132148,23200,0.0001,5.579858977229049,-0.020669322460889816,6.938414122858826,5.7786854185879335,232,0.00022414964041672647,4,500.0,23100,
117.4864539029342,23600,0.0001,5.899275577667578,-0.02043750137090683,2.9626175370201397,5.599238197003616,236,0.0002099186385748908,4,500.0,23500,
11.984666681829761,24000,0.0001,5.398843291357478,-0.019857924431562424,3.8979355982008754,16.220894782148154,240,0.00019540116772986948,4,500.0,23900,
95.2924532438549,24400,0.0001,4.898411005047377,-0.017469128593802452,5.013349943087631,8.194801301360382,244,0.00016991805750876665,4,500.0,24300,
131.99194259238686,24800,0.0001,6.846684911992419,-0.018580801784992218,6.838422143317264,11.030926366332764,248,0.00022352597443386912,4,500.0,24700,
133.55163654171545,25200,0.0001,9.401819427257541,-0.02255759947001934,2.7880575461581496,7.062459092683308,252,0.00025946690584532917,4,500.0,25100,
121.95151310389464,25600,0.0001,8.563293795952855,-0.022342074662446976,8.722267093941488,10.450133886112722,256,0.0002132943773176521,4,500.0,25500,
12.670887492365996,26000,0.0001,9.228179880732146,-0.013497816398739815,1.752525962723307,9.672089487871283,260,0.00026253965916112065,4,500.0,25900,
121.53165142705312,26400,0.0001,9.89306596551144,-0.01931789331138134,3.517121096882766,2.9773440558888327,264,0.00023694336414337158,4,500.0,26300,
106.74044813487512,26800,0.0001,13.798842468757325,-0.021819375455379486,4.5446527349610735,7.005849765509911,268,0.00021367867884691805,4,500.0,26700,
136.16137166957972,27200,0.0001,13.65033920264248,-0.02421303279697895,3.327491318671706,5.3202203370870675,272,0.0003140114131383598,4,500.0,27100,
113.79151400383347,27600,0.0001,12.741102067276916,-0.01998872309923172,6.94426641722449,8.60350067415232,276,0.00019394334231037647,4,500.0,27500,
7.288755749080335,28000,0.0001,11.973752033653621,-0.027224354445934296,4.673665470883715,7.538239459327959,280,0.0002116325485985726,4,500.0,27900,
88.55286934627004,28400,0.0001,11.206402000030332,-0.02132444828748703,4.021846218038378,3.2871127224821235,284,0.0011422098614275455,4,500.0,28300,
74.29639206804447,28800,0.0001,11.257970519623745,-0.01715516857802868,1.5996806701476882,3.4148108062877554,288,0.00020145272719673812,4,500.0,28700,
86.50899822250713,29200,0.0001,7.797501913038761,-0.026316426694393158,4.310048788032322,2.3932555887421953,292,0.0002266362716909498,4,500.0,29100,
73.18549678165938,29600,0.0001,6.009451260706825,-0.02325732260942459,8.843512768091244,9.652407060399323,296,0.00019258895190432668,4,500.0,29500,
7.776178571131934,30000,0.0001,5.916784433146989,-0.017587080597877502,3.696550026786848,8.2261610839607,300,0.00018432890647090971,4,500.0,29900,
79.85025640088396,30400,0.0001,5.824117605587153,-0.02133767679333687,5.062598811819199,9.792724342553813,304,0.0002163496392313391,4,500.0,30300,
42.569026041749126,30800,0.0001,5.732464474848529,-0.025851838290691376,4.470455185300808,3.6986116389480475,308,0.0001984652190003544,4,500.0,30700,
48.13816142996474,31200,0.0001,5.514371144929531,-0.019950633868575096,5.057319291164165,8.733817371531954,312,0.00024123901675920933,4,500.0,31100,
40.20202690177557,31600,0.0001,3.9614740064377423,-0.021120037883520126,3.934702860497948,5.340034851959188,316,0.00022516970057040453,4,500.0,31500,
7.770911602671592,32000,0.0001,4.295229584623838,-0.025870494544506073,3.5327511990460083,9.22292633283156,320,0.0002047475427389145,4,500.0,31900,
75.3587816981627,32400,0.0001,4.628985162809935,-0.017576105892658234,2.7914668986770104,11.056587965109077,324,0.0002058990066871047,4,500.0,32300,
78.0320965131632,32800,0.0001,4.520601262284146,-0.021307142451405525,6.517594878435334,7.251699722551462,328,0.00017072382615879178,4,500.0,32700,
72.7605546332485,33200,0.0001,5.550910696881287,-0.021891985088586807,6.795081558547093,9.230126126396856,332,0.00025318755069747567,4,500.0,33100,
61.68141285786303,33600,0.0001,4.197234738904008,-0.016997508704662323,4.509662657969964,1.9542071587975691,336,0.00018407549941912293,4,500.0,33500,
8.105965623997578,34000,0.0001,5.078415281362797,-0.01850122958421707,5.54865657916658,10.978184844024398,340,0.00027033750666305423,4,500.0,33900,
86.5396808497688,34400,0.0001,5.959595823821586,-0.024689266458153725,6.201812975415053,7.404870999644508,344,0.00024019984994083643,4,500.0,34300,
68.90469679448816,34800,0.0001,4.554444764229091,-0.02120082639157772,2.6118017493745076,1.6548710477703745,348,0.00019451115804258734,4,500.0,34700,
59.21395710447513,35200,0.0001,3.9602760344476082,-0.0220196396112442,3.5004547519086078,4.740163835339359,352,0.00021469334024004638,4,500.0,35100,
85.25550507583104,35600,0.0001,4.5924935330909795,-0.019646866247057915,4.108757462877836,4.824367660360158,356,0.0001780682650860399,4,500.0,35500,
8.147701488067678,36000,0.0001,5.258078446747051,-0.02198771946132183,6.190018583657422,7.731752816673234,360,0.00016248185420408845,4,500.0,35900,
86.63889217668674,36400,0.0001,5.923663360403121,-0.022145824506878853,5.256493040944715,3.1078299393574835,364,0.00015602741041220725,4,500.0,36300,
75.1211675354646,36800,0.0001,5.509415664589502,-0.02259175106883049,4.069511690269005,1.1165250790573364,368,0.00022472065757028759,4,500.0,36700,
54.948008200467875,37200,0.0001,7.61527876603363,-0.02292713336646557,3.354146812514552,11.664926569740505,372,0.00020772204152308404,4,500.0,37100,
51.26651755555395,37600,0.0001,7.920241684332718,-0.01563117280602455,10.298078927084127,9.777437592280911,376,0.00022542619262821972,4,500.0,37500,
7.838461942848673,38000,0.0001,7.250132896357793,-0.018705928698182106,4.6610678951006985,9.12802242762399,380,0.00018171145347878337,4,500.0,37900,
68.05642724785737,38400,0.0001,6.580024108382868,-0.022999992594122887,3.4590739078328503,6.95806708381455,384,0.00022608161089010537,4,500.0,38300,
74.14586407788958,38800,0.0001,7.079949047297416,-0.0204515028744936,3.4710973242571566,4.697298312093892,388,0.00019823681213892996,4,500.0,38700,
65.63561229722546,39200,0.0001,7.649333054266139,-0.024649281054735184,3.9640880123659468,14.174789480334649,392,0.0002386100240983069,4,500.0,39100,
66.18576844013471,39600,0.0001,8.715998922927344,-0.024970250204205513,3.0387494479687955,5.6202663377412545,396,0.0002506932651158422,4,500.0,39500,
7.69112551537029,40000,0.0001,9.910615934746726,-0.01958318240940571,3.7369260275720944,3.093716043529334,400,0.0002567723277024925,4,500.0,39900,
79.15288023701116,40400,0.0001,11.105232946566108,-0.022995376959443092,6.155125218969604,8.416485217613218,404,0.0002333284792257473,4,500.0,40300,
87.32929962563972,40800,0.0001,10.062102373106145,-0.022660672664642334,5.9537661561840665,7.853713890427427,408,0.0002834959595929831,4,500.0,40700,
50.85512625925214,41200,0.0001,8.901166336304858,-0.020274296402931213,2.088601636046356,4.826749947160299,412,0.000231634228839539,4,500.0,41100,
70.56665255660234,41600,0.0001,8.878265962150858,-0.020817257463932037,4.385946093963626,7.876009959624894,416,0.0002163559984182939,4,500.0,41500,
7.867761260428296,42000,0.0001,8.698953900146115,-0.026467008516192436,6.339669203475699,11.34708980548076,420,0.0003315420472063124,4,500.0,41900,
58.47622069673954,42400,0.0001,8.519641838141373,-0.02393955923616886,4.292475546773151,6.653675428527901,424,0.0002669833193067461,4,500.0,42300,
64.27292652469724,42800,0.0001,6.564281896224491,-0.019322684034705162,4.87957483832607,4.48625871878267,428,0.0003156784805469215,4,500.0,42700,
68.60780737554082,43200,0.0001,8.372077073074504,-0.017172396183013916,4.544015740572815,8.971238156399199,432,0.0002646867069415748,4,500.0,43100,
77.29330147473186,43600,0.0001,8.882094245941875,-0.02493434026837349,4.499886823043363,5.935457729932441,436,0.00022963265655562282,4,500.0,43500,
8.147179849479233,44000,0.0001,8.286458596410995,-0.022682633250951767,7.218702258010256,8.51487659260156,440,0.00026313020498491824,4,500.0,43900,
67.3527131509086,44400,0.0001,7.6908229468801155,-0.019771361723542213,3.1730046210610783,11.881124822025688,444,0.00022157390776555985,4,500.0,44300,
80.59823615262593,44800,0.0001,5.427330950516558,-0.02646215446293354,4.605114247146938,4.865532192405101,448,0.0002523618168197572,4,500.0,44700,
70.28231872614906,45200,0.0001,4.398121382536897,-0.020940318703651428,7.052749552483365,9.094804157317952,452,0.00024940085131675005,4,500.0,45100,
67.1946366097396,45600,0.0001,3.5046494469989518,-0.01932925172150135,3.800259013469805,11.28529194204772,456,0.00023733125999569893,4,500.0,45500,
7.572646413249589,46000,0.0001,3.943643107720624,-0.018436528742313385,5.289020463977825,2.6758308428329736,460,0.0002555880055297166,4,500.0,45900,
64.43656124202072,46400,0.0001,4.382636768442297,-0.015062935650348663,7.332861610587017,11.520618335007722,464,0.0001929948921315372,4,500.0,46300,
74.30644812398675,46800,0.0001,4.149315240801066,-0.012610562145709991,4.768593136258624,12.28961440323143,468,0.0002705050283111632,4,500.0,46700,
76.60673911451293,47200,0.0001,6.493840219639237,-0.018120694905519485,9.58293324203332,10.958275953886782,472,0.0002688532695174217,4,500.0,47100,
54.41193831269834,47600,0.0001,6.830188022273961,-0.016249198466539383,3.6413271379962926,9.730379571869301,476,0.000182962859980762,4,500.0,47500,
7.737282049607621,48000,0.0001,6.78596327467376,-0.02141432836651802,2.6566327974863806,4.68947484255089,480,0.000223136245040223,4,500.0,47900,
51.00966024239629,48400,0.0001,6.74173852707356,-0.020074740052223206,6.393229254877578,5.12173302302272,484,0.00027474327362142503,4,500.0,48300,
78.6041779384147,48800,0.0001,5.79729019128113,-0.02094445936381817,4.983149099285864,7.084421660072418,488,0.00027870546909980476,4,500.0,48700,
63.220318749600565,49200,0.0001,6.323201068496684,-0.019917858764529228,4.98762418365489,9.554352957692616,492,0.00027771381428465247,4,500.0,49100,
54.585365441014275,49600,0.0001,4.797546600694744,-0.020774951204657555,6.225380908993293,9.010187832953488,496,0.00021191651467233896,4,500.0,49500,
8.002356651052327,50000,0.0001,4.005664003605171,-0.021834716200828552,6.825865338259409,5.076982047591622,500,0.00024391118495259434,4,500.0,49900,
81.3758309181687,50400,0.0001,3.2137814065155963,-0.018294846639037132,6.656036186569901,8.756059341426427,504,0.0003450558288022876,4,500.0,50300,
74.48616440749964,50800,0.0001,4.443707572506345,-0.019124247133731842,4.425073153845947,9.879012957438873,508,0.000764820259064436,4,500.0,50700,
43.867406620130566,51200,0.0001,6.581378009578541,-0.021512817591428757,5.757898907270961,5.292427302498849,512,0.0003221382503397763,4,500.0,51100,
63.89464637013616,51600,0.0001,7.781274177095506,-0.0226482842117548,2.469141350606599,7.945645641842189,516,0.00031146686524152756,4,500.0,51500,
5.864449727907997,52000,0.0001,8.090752323753993,-0.016640521585941315,3.371837147716707,8.577875388088046,520,0.0003142164496239275,4,500.0,51900,
78.02832219082588,52400,0.0001,8.400230470412478,-0.017750022932887077,3.9185779434223402,7.375253796048735,524,0.00023295104620046914,4,500.0,52300,
75.99910561660451,52800,0.0001,8.998480738810057,-0.019260156899690628,3.085550831619992,2.204861968363017,528,0.00021334271878004074,4,500.0,52700,
65.99562861787257,53200,0.0001,8.97323156249018,-0.019570762291550636,3.9002862260932543,3.237376676788992,532,0.00028840755112469196,4,500.0,53100,
66.94122175952319,53600,0.0001,6.938284644851313,-0.0206423569470644,2.852269332079017,3.6955868134110323,536,0.00037157745100557804,4,500.0,53500,
8.180100988645872,54000,0.0001,5.595401531387351,-0.01612875610589981,4.386813089036725,7.097267355921898,540,0.00030266758403740823,4,500.0,53900,
76.77148246812128,54400,0.0001,4.252518417923389,-0.022889571264386177,1.2816658652357371,8.329098578083217,544,0.000266130780801177,4,500.0,54300,
73.6641740217197,54800,0.0001,3.098257480920463,-0.023445451632142067,5.699521402250313,11.889032995411947,548,0.0002767793193925172,4,500.0,54700,
85.54802141197035,55200,0.0001,7.704014552476835,-0.01949296146631241,4.529363471406977,11.35503137538546,552,0.00034178150235675275,4,500.0,55100,
83.4079024949962,55600,0.0001,7.383438360277841,-0.020741350948810577,8.015546667033892,9.557857646193924,556,0.0002814119798131287,4,500.0,55500,
8.036537575581855,56000,0.0001,7.370894229149823,-0.019253665581345558,3.0665066861555403,8.346999756035832,560,0.0002534016384743154,4,500.0,55900,
78.21176921629618,56400,0.0001,7.358350098021804,-0.014215860515832901,5.82175235205304,13.458447961501818,564,0.00030634377617388964,4,500.0,56300,
73.08281718196424,56800,0.0001,9.133323401387509,-0.022507233545184135,4.179519430995505,6.111611678329746,568,0.00024219846818596125,4,500.0,56700,
80.63964095081742,57200,0.0001,10.45651498688157,-0.02056741528213024,5.606170934802673,8.848379413893335,572,0.0002378687058808282,4,500.0,57100,
64.40743085647843,57600,0.0001,8.222202200673319,-0.020931053906679153,1.830212849860903,5.849069174604452,576,0.00028740099514834583,4,500.0,57500,
6.924260192130497,58000,0.0001,9.044808299855168,-0.024428632110357285,3.5191396433511786,11.002982664209878,580,0.0002462529519107193,4,500.0,57900,
86.18816591149606,58400,0.0001,9.86741439903702,-0.024375759065151215,6.5049412111180756,11.120198896147311,584,0.00023981212871149182,4,500.0,58300,
70.0990892625639,58800,0.0001,9.953780959750116,-0.01996501348912716,4.956449572000597,10.022358275602114,588,0.00036999426083639264,4,500.0,58700,
60.42212614862506,59200,0.0001,10.795524700173376,-0.019948331639170647,6.0073722202828685,7.278557710427508,592,0.0002335984754608944,4,500.0,59100,
57.96795712727536,59600,0.0001,9.454229345423226,-0.015986347571015358,8.21758096234101,9.548518702182074,596,0.00035962514812126756,4,500.0,59500,
7.875714386681792,60000,0.0001,8.851447932846593,-0.021941684186458588,5.312908931387296,8.556677228011349,600,0.0002659349702298641,4,500.0,59900,
70.51110965414404,60400,0.0001,8.248666520269962,-0.020350482314825058,4.77807381386516,13.47112040995271,604,0.0002779171336442232,4,500.0,60300,
88.03288673629031,60800,0.0001,4.92122033130894,-0.015466156415641308,2.7091929090862346,7.452572949136717,608,0.00021613195713143796,4,500.0,60700,
74.45612271127035,61200,0.0001,4.2407718391986275,-0.01658567227423191,3.946459620934236,8.133030833419435,612,0.0002728323161136359,4,500.0,61100,
88.12692382847382,61600,0.0001,2.640220602863824,-0.023082347586750984,6.181368333877389,9.699874787164322,616,0.0002897233935073018,4,500.0,61500,
7.832250068868013,62000,0.0001,3.6242923324392953,-0.021994490176439285,2.0975316165892424,7.193843047265037,620,0.0002605408662930131,4,500.0,61900,
84.54729054040025,62400,0.0001,4.608364062014767,-0.021433556452393532,5.152583121239696,4.1649201568766765,624,0.00029795008595101535,4,500.0,62300,
89.88458147551755,62800,0.0001,6.085133562696112,-0.015171677805483341,1.988421347513184,7.4748933113834575,628,0.0002467391896061599,4,500.0,62700,
78.74009953499025,63200,0.0001,7.459588281143079,-0.021625861525535583,3.684197448710131,7.77135272190708,632,0.00025811922387219965,4,500.0,63100,
72.4474906035817,63600,0.0001,8.261695963568314,-0.019213708117604256,3.647631548192382,7.248933726146184,636,0.00019627092115115374,4,500.0,63500,
7.788431904727605,64000,0.0001,9.458388778905576,-0.016568215563893318,8.291876935960179,12.603703552881628,640,0.0002628728107083589,4,500.0,63900,
30.370091465710495,64400,0.0001,10.655081594242835,-0.024445602670311928,1.8050161686469206,6.490237340962146,644,0.00022433314006775618,4,500.0,64300,
73.79528342618948,64800,0.0001,9.412961723641004,-0.020237727090716362,1.5689777181407627,18.156582736811746,648,0.00032246235059574246,4,500.0,64700,
88.47630129207383,65200,0.0001,8.252266642391753,-0.024683665484189987,3.283853220667345,8.462241554194943,652,0.00027395132929086685,4,500.0,65100,
95.55816596298061,65600,0.0001,7.8610749006643115,-0.020112449303269386,3.994304475496615,5.135934590103932,656,0.00026488734874874353,4,500.0,65500,
8.036240241796277,66000,0.0001,7.432101997657272,-0.02328340709209442,3.889965867798377,4.185408505678092,660,0.00022742646979168057,4,500.0,65900,
90.86596746393572,66400,0.0001,7.003129094650231,-0.022533617913722992,2.772855008013724,7.250787779853081,664,0.0001967417192645371,4,500.0,66300,
95.94820910801398,66800,0.0001,6.173683544018038,-0.021599244326353073,5.872205060474088,6.8127249301958805,668,0.00021611826377920806,4,500.0,66700,
89.23663738850485,67200,0.0001,6.599698679841043,-0.022695129737257957,4.427590181426893,5.8378908023362035,672,0.00025878005544655025,4,500.0,67100,
85.91767209072282,67600,0.0001,6.096521007144858,-0.018686568364501,3.095794814767851,8.031503864648053,676,0.0002478940295986831,4,500.0,67500,
8.002030544554993,68000,0.0001,7.212091653240529,-0.023477181792259216,5.514298017648558,10.731790440805963,680,0.00024480425054207444,4,500.0,67900,
87.08457450309434,68400,0.0001,8.3276622993362,-0.01876657083630562,6.557005733529813,8.841718316188889,684,0.00022657722001895308,4,500.0,68300,
86.0007877708116,68800,0.0001,10.854547515674279,-0.024849986657500267,5.294237559532637,13.729239863491,688,0.0002661328762769699,4,500.0,68700,
81.25847349759245,69200,0.0001,11.236469113597522,-0.025584792718291283,3.0843260393227077,4.478346058616957,692,0.00027144711930304766,4,500.0,69100,
69.78833404658475,69600,0.0001,10.888903029099279,-0.027841053903102875,10.175273856454112,14.691767259485783,696,0.00025635247584432364,4,500.0,69500,
7.790485093242413,70000,0.0001,10.462646426148307,-0.023047437891364098,2.169295501370551,9.349135559552115,700,0.00026160283596254885,4,500.0,69900,
87.7775024611078,70400,0.0001,10.036389823197338,-0.0287834033370018,4.830464456879446,4.3411130956404875,704,0.00027689820853993297,4,500.0,70300,
84.44327047590824,70800,0.0001,8.702067473381017,-0.020243389531970024,7.517051477632652,18.790718251624877,708,0.00022789726790506393,4,500.0,70700,
76.05267018180783,71200,0.0001,6.170025386340014,-0.027883481234312057,5.906517725248948,9.279479589445273,712,0.0003719710512086749,4,500.0,71100,
60.36682638584646,71600,0.0001,5.192716188632437,-0.02600165456533432,6.807351688640284,13.700392909196626,716,0.00026496098143979907,4,500.0,71500,
7.521067998885872,72000,0.0001,5.11428741277545,-0.02699843794107437,3.66802056338224,17.881737174482073,720,0.00022953478037379682,4,500.0,71900,
64.67924258293579,72400,0.0001,5.035858636918464,-0.023907601833343506,2.190011831167601,13.459109353796688,724,0.00021846851450391114,4,500.0,72300,
52.08390687913473,72800,0.0001,4.683931519205518,-0.027844905853271484,7.834990470333886,15.115585106466813,728,0.005488070193678141,4,500.0,72700,
68.34215003745999,73200,0.0001,4.420510153729447,-0.02639695443212986,3.290359880640618,8.57242414998375,732,0.00022896123118698597,4,500.0,73100,
68.30055014271403,73600,0.0001,6.197110828258192,-0.026495620608329773,4.4559209033604095,7.280683600009971,736,0.00032340845791622996,4,500.0,73500,
8.026682479016406,74000,0.0001,5.659870648445835,-0.024338064715266228,10.920861828259632,12.717624979178046,740,0.00024720586952753365,4,500.0,73900,
76.30879936424859,74400,0.0001,5.122630468633479,-0.02328692190349102,5.189817860274034,11.493658882927154,744,0.00020838214550167322,4,500.0,74300,
57.206930184097764,74800,0.0001,4.650247341705679,-0.02488251030445099,6.442368328001617,7.887965648812579,748,0.00020343100186437368,4,500.0,74700,
60.32206252559978,75200,0.0001,7.057590283785538,-0.021701499819755554,5.4587787889679165,12.289571864991899,752,0.00025705399457365274,4,500.0,75100,
52.35612969198752,75600,0.0001,8.18101400948074,-0.021004457026720047,2.8476006990704503,8.509654729257798,756,0.0002324157248949632,4,500.0,75500,
7.675063628052166,76000,0.0001,7.75593752794591,-0.027804763987660408,6.005395643108096,7.451106654662443,760,0.0002889445750042796,4,500.0,75900,
78.1720910077859,76400,0.0001,7.330861046411078,-0.021856961771845818,7.31286106708222,4.709944167541411,764,0.00031712668715044856,4,500.0,76300,
55.65639061956572,76800,0.0001,9.769185970066752,-0.029621900990605354,6.541984262348843,4.513402948040283,768,0.000289474381133914,4,500.0,76700,
60.60252810104891,77200,0.0001,9.643213241032958,-0.025755958631634712,3.8287706037423876,9.648048362949197,772,0.0001832333509810269,4,500.0,77100,
63.02742004971201,77600,0.0001,7.753257710409983,-0.025574004277586937,4.598144444663987,9.736648979285063,776,0.00023978264653123915,4,500.0,77500,
7.4929289045651375,78000,0.0001,8.063096462210705,-0.02288287878036499,7.384200245068204,10.432852116490832,780,0.00020401421352289617,4,500.0,77900,
88.15396611551662,78400,0.0001,8.372935214011429,-0.022733859717845917,10.313998024650974,11.999253105966817,784,0.0002455055364407599,4,500.0,78300,
66.30208956582867,78800,0.0001,8.931085421493867,-0.02089458703994751,5.661747881732167,8.73656553382903,788,0.00028665567515417933,4,500.0,78700,
81.4963463370883,79200,0.0001,8.185664808906282,-0.02182416245341301,10.71198768744407,12.482861223430245,792,0.0002447576553095132,4,500.0,79100,
84.95260903486734,79600,0.0001,9.533612151681648,-0.02110379748046398,3.7379499781583214,12.035398991376658,796,0.00023771730775479227,4,500.0,79500,
7.252229976892757,80000,0.0001,10.040711538866367,-0.031285952776670456,10.219935201129752,18.241020582290794,800,0.00027415165095590055,4,500.0,79900,
76.73524526970832,80400,0.0001,10.547810926051081,-0.025599414482712746,4.766522736399761,15.766703420183873,804,0.00024154642596840858,4,500.0,80300,
69.57788824351624,80800,0.0001,9.550724112536757,-0.027629008516669273,1.4010872756227846,15.690781926262055,808,0.00026598680415190756,4,500.0,80700,
63.16572587579994,81200,0.0001,8.301238611124376,-0.024086127057671547,2.849008361084146,9.68488418540228,812,0.0002224590425612405,4,500.0,81100,
85.91767209072282,81600,0.0001,8.642151056584245,-0.027262184768915176,2.551277375260209,11.886537783762677,816,0.00026342037017457187,4,500.0,81500,
8.099729057243843,82000,0.0001,8.032291959029163,-0.023746581748127937,6.350457249584562,12.3110253242162,820,0.00029424374224618077,4,500.0,81900,
75.85037039930499,82400,0.0001,7.422432861474078,-0.027060534805059433,4.8592454008453805,12.275220534978054,824,0.0002470338949933648,4,500.0,82300,
79.99833682656973,82800,0.0001,9.618930719376541,-0.025547590106725693,4.95641879712618,10.452501419932046,828,0.00031790719367563725,4,500.0,82700,
76.50886564765607,83200,0.0001,9.283818481834397,-0.023451760411262512,6.8925300399646074,14.673133350272218,832,0.00023336704180110246,4,500.0,83100,
71.23872687244572,83600,0.0001,12.214576177251637,-0.020461659878492355,6.464668857695221,12.318024286693069,836,0.00023477122886106372,4,500.0,83500,
7.929343740854102,84000,0.0001,12.383691709137596,-0.02227235585451126,6.433100513244128,12.248134047001177,840,0.00022782638552598655,4,500.0,83900,
80.3837904055465,84400,0.0001,12.552807241023556,-0.027742570266127586,4.2699997440633926,8.069341146438399,844,0.0003268856671638787,4,500.0,84300,
83.59336945750759,84800,0.0001,14.246580192723751,-0.025397034361958504,2.0934568691935644,12.701491413230661,848,0.0002547758922446519,4,500.0,84700,
79.4173303547997,85200,0.0001,12.736199276625287,-0.024773821234703064,2.5834875052820827,5.597773032308266,852,0.0002376092306803912,4,500.0,85100,
74.23381354681294,85600,0.0001,13.894264755852031,-0.019844872877001762,7.888057899285461,10.260846259624373,856,0.00024797196965664625,4,500.0,85500,
8.070811873101013,86000,0.0001,13.26979667865522,-0.027454977855086327,7.427506337706616,13.69434460550993,860,0.00029613744118250906,4,500.0,85900,
71.18299117965122,86400,0.0001,12.645328601458408,-0.028149690479040146,2.603413470763578,4.82909896909158,864,0.00023474293993785977,4,500.0,86300,
72.90904065679436,86800,0.0001,11.459096960659634,-0.01839151792228222,8.903584175443964,13.901954075022207,868,0.00025833986001089215,4,500.0,86700,
82.84806008557581,87200,0.0001,11.527821308831623,-0.027477987110614777,4.296054732886966,12.245888495614178,872,0.0002644538471940905,4,500.0,87100,
75.46725491113358,87600,0.0001,12.234782707856555,-0.02183624543249607,8.401349129581211,15.038550515850192,876,0.00028687037411145866,4,500.0,87500,
8.042457570051123,88000,0.0001,11.426177303113802,-0.026389919221401215,7.071952014529447,9.172573246991174,880,0.00035691887023858726,4,500.0,87900,
83.6823636539209,88400,0.0001,10.617571898371049,-0.028680650517344475,7.564350394753795,10.705258968657356,884,0.00020713091362267733,4,500.0,88300,
70.27333407388083,88800,0.0001,11.234700199389868,-0.02724428102374077,7.970873925802774,10.07620819854749,888,0.00024648048565723,4,500.0,88700,
76.5283114159047,89200,0.0001,12.194262292257687,-0.02471972070634365,6.359478734613413,10.964648121302783,892,0.0002473673957865685,4,500.0,89100,
77.61425807886621,89600,0.0001,12.999257767762032,-0.025421135127544403,7.295926583386947,14.846441379551921,896,0.00024916487745940685,4,500.0,89500,
7.8988168979793905,90000,0.0001,12.023337715830898,-0.029651829972863197,10.407306221125928,11.092511523417446,900,0.00023432335001416504,4,500.0,89900,
72.85529319437752,90400,0.0001,11.047417663899767,-0.027283769100904465,6.063973827020809,6.852181789896976,904,0.0003203056112397462,4,500.0,90300,
75.97936351515854,90800,0.0001,12.652204969678065,-0.028144417330622673,6.316896274080144,9.74528594792389,908,0.0002816070627886802,4,500.0,90700,
87.68037822331121,91200,0.0001,10.892079613015516,-0.026137270033359528,4.123154488136162,10.498472830709323,912,0.0003762054839171469,4,500.0,91100,
73.38151598652846,91600,0.0001,9.522770558524307,-0.02596418373286724,1.996503297068056,10.476068004144974,916,0.0002683242491912097,4,500.0,91500,
7.949950858497397,92000,0.0001,9.223392741690407,-0.029125714674592018,0.9143628974306118,3.005514747661349,920,0.0003001197474077344,4,500.0,91900,
79.81145007693236,92400,0.0001,8.924014924856504,-0.025235338136553764,6.707919227694157,8.071997951123596,924,0.0002872194745577872,4,500.0,92300,
82.74781757105606,92800,0.0001,7.696270893344743,-0.027260620146989822,8.212692809096131,10.519382821769756,928,0.00032148644095286727,4,500.0,92700,
76.99149190032583,93200,0.0001,5.2405847206514675,-0.021917205303907394,2.4805187992063575,5.906889933916582,932,0.0002793105086311698,4,500.0,93100,
93.98097079294786,93600,0.0001,3.9370566867107835,-0.02952440269291401,3.510148460282983,9.994621906986945,936,0.00031121744541451335,4,500.0,93500,
7.937103336812361,94000,0.0001,4.489100806599202,-0.02866121381521225,3.37625434145751,7.013015540501919,940,0.0002812411985360086,4,500.0,93900,
84.587701145925,94400,0.0001,5.041144926487624,-0.023369276896119118,4.374543399243067,8.02773401304235,944,0.0002799516078084707,4,500.0,94300,
73.0135961864389,94800,0.0001,2.8947861181482937,-0.02880397066473961,7.723289110473524,7.70879766741229,948,0.00030500401044264436,4,500.0,94700,
91.74184220628169,95200,0.0001,6.637556770110164,-0.02130158618092537,6.461063072700082,16.31520722322381,952,0.0002979047130793333,4,500.0,95100,
81.71224024540729,95600,0.0001,7.368204053644464,-0.02752731740474701,8.399440309233656,14.709212608486496,956,0.00029280676972121,4,500.0,95500,
8.106093928053832,96000,0.0001,8.376022377545416,-0.02966120094060898,4.019896812911677,13.498060174786445,960,0.00033282925141975284,4,500.0,95900,
84.4708718457884,96400,0.0001,9.38384070144637,-0.029813768342137337,7.816769764845014,11.917909929833375,964,0.00029524037381634116,4,500.0,96300,
90.71419163270899,96800,0.0001,10.050968766936542,-0.023902682587504387,5.085051338421635,9.521952152401882,968,0.0002769102284219116,4,500.0,96700,
102.49180723651142,97200,0.0001,10.536212589484467,-0.02284935489296913,3.951776712504365,7.912447767524177,972,0.0002554357924964279,4,500.0,97100,
95.09164093060627,97600,0.0001,9.011797184173801,-0.02583026885986328,1.707335440591158,5.615343109092876,976,0.000290994590613991,4,500.0,97500,
7.981622058234254,98000,0.0001,9.549471561000754,-0.03023548424243927,6.103973893199889,13.423602122330355,980,0.00024210845003835857,4,500.0,97900,
81.51155071384484,98400,0.0001,10.087145937827707,-0.023692140355706215,9.860116050491618,11.24584217107936,984,0.0002672337577678263,4,500.0,98300,
89.30897451812528,98800,0.0001,11.310184442653835,-0.023012978956103325,8.149463543249011,13.13541399249623,988,0.0003922148316632956,4,500.0,98700,
85.8706011141077,99200,0.0001,11.69050897711657,-0.02547059953212738,4.6211524393127865,12.574549284787505,992,0.0003142170317005366,4,500.0,99100,
101.02520870767437,99600,0.0001,13.627295545493416,-0.025724157691001892,5.335038762536729,12.171507529691048,996,0.00026169553166255355,4,500.0,99500,
7.885776656134196,100000,0.0001,13.771110392182687,-0.02225302718579769,2.0159808729035276,7.980476227838993,1000,0.00027747551212087274,4,500.0,99900,
,,,,,,,,,,,,1.0
